"Light Rail Transits","Passengers and Revenues","2023 January","2023 February","2023 March","2023 April","2023 May","2023 June","2023 July","2023 August","2023 September","2023 October","2023 November","2023 December","2024 January","2024 February","2024 March","2024 April","2024 May","2024 June","2024 July","2024 August","2024 September","2024 October","2024 November","2024 December"
"Light Rail Manila Corporation  (LRT Line 1 - Green Line)","Total Number of Passengers (in million)",9.12,8.63,9.50,7.43,8.88,8.67,8.79,9.00,9.39,9.64,9.15,9.52,8.32,9.47,8.48,8.96,9.55,9.11,9.32,8.37,9.23,10.00,10.58,11.70
"Light Rail Manila Corporation  (LRT Line 1 - Green Line)","Average Daily Load Factor (%)",65.00,71.00,71.00,69.00,78.00,75.00,57.00,61.00,61.00,64.00,59.00,60.00,53.00,59.00,61.00,59.00,59.00,56.00,57.00,61.00,61.00,65.00,68.00,60.00
"Light Rail Manila Corporation  (LRT Line 1 - Green Line)","Farebox Revenues (in million PhP)",178.28,233.54,183.23,144.68,239.04,168.18,172.67,270.72,212.39,218.80,273.91,219.64,227.35,282.75,191.72,203.56,282.92,206.88,212.29,255.13,208.00,225.11,308.00,275.11
"Light Rail Transit Authority  (LRT Line 2 - Purple Line)","Total Number of Passengers (in million)",3.91,3.86,4.20,3.37,4.05,3.79,3.81,4.37,4.55,4.69,4.36,4.48,4.65,4.59,4.09,4.10,4.38,4.08,4.07,4.47,4.48,4.87,4.81,4.71
"Light Rail Transit Authority  (LRT Line 2 - Purple Line)","Average Daily Load Factor (%)",65.65,68.60,66.86,69.99,67.06,63.19,62.41,71.83,77.33,76.88,75.17,72.24,74.21,77.91,74.46,69.79,70.89,71.66,67.97,80.28,68.48,65.23,66.18,61.47
"Light Rail Transit Authority  (LRT Line 2 - Purple Line)","Farebox Revenues (in million PhP)",80.84,79.62,85.62,69.27,83.34,77.51,78.59,105.79,109.57,113.04,105.19,107.89,112.80,109.63,98.10,97.93,105.74,98.18,98.32,107.29,106.55,116.33,115.47,107.47
"DOTr - MRT3 (MRT Line 3 - Yellow Line)","Total Number of Passengers (in million)",10.47,10.05,11.01,8.72,10.71,10.40,10.88,11.62,11.39,11.60,10.98,11.19,11.65,11.14,10.30,10.88,11.46,11.05,11.38,11.68,11.34,12.03,11.60,11.36
"DOTr - MRT3 (MRT Line 3 - Yellow Line)","Average Daily Load Factor (%)",76.17,80.08,78.81,78.06,77.10,81.06,78.26,83.67,80.30,79.86,78.85,79.08,91.20,98.30,94.55,93.89,93.18,94.14,85.49,94.66,89.58,92.48,106.82,93.20
"DOTr - MRT3 (MRT Line 3 - Yellow Line)","Farebox Revenues (in million PhP)",192.94,185.52,201.74,161.40,197.79,191.72,201.74,215.17,210.39,214.37,202.98,206.58,215.79,203.61,189.40,200.50,211.67,204.10,210.63,216.41,208.93,222.04,214.42,202.08
